,Mystery,Sci-Fi,Crime,Drama,Children's,Animation,Action,Comedy,Documentary,War,Romance,Horror,Film-Noir,Musical,Fantasy,Adventure,Thriller,Western
0,2.93706293706,11.6083916084,5.52447552448,1.81818181818,4.05594405594,6.15384615385,15.1748251748,7.69230769231,0.0,3.70629370629,3.84615384615,2.7972027972,0.699300699301,4.68531468531,8.04195804196,10.5594405594,9.09090909091,1.60839160839
1,4.36090225564,9.92481203008,6.24060150376,4.21052631579,3.53383458647,5.11278195489,11.8045112782,9.02255639098,0.0,5.63909774436,4.66165413534,2.18045112782,3.00751879699,5.71428571429,6.16541353383,7.36842105263,8.87218045113,2.18045112782
2,4.28571428571,11.4285714286,4.28571428571,0.0,10.0,10.0,15.7142857143,8.57142857143,0.0,1.42857142857,0.0,0.0,1.42857142857,2.85714285714,10.0,11.4285714286,8.57142857143,0.0
3,2.6724137931,7.84482758621,3.70689655172,2.84482758621,6.20689655172,5.51724137931,13.7068965517,7.75862068966,0.0,3.53448275862,6.81034482759,2.5,0.258620689655,5.1724137931,7.6724137931,11.3793103448,9.74137931034,2.6724137931
4,8.10945273632,7.06467661692,7.16417910448,7.26368159204,1.69154228856,4.07960199005,7.46268656716,10.0,0.248756218905,6.36815920398,7.31343283582,1.592039801,5.5223880597,6.21890547264,4.02985074627,4.62686567164,8.60696517413,2.6368159204
